<?xml version="1.0" encoding="iso-8859-1"?>

<mixer>
	<!-- H TMO ================================================ -->
	<!-- These are the initial mixer settings -->
	<!-- reset RX part -->
	<ctl name="SLIMBUS_0_RX Audio Mixer MultiMedia1" value="0" />
	<ctl name="SLIMBUS_0_RX Audio Mixer MultiMedia2" value="0" />
	<ctl name="SLIMBUS_0_RX Audio Mixer MultiMedia3" value="0" />
	<ctl name="SLIMBUS_0_RX Audio Mixer MultiMedia4" value="0" />
	<ctl name="SLIMBUS_0_RX Audio Mixer MultiMedia5" value="0" />
	<ctl name="SLIMBUS_0_RX Audio Mixer MultiMedia10" value="0" />

	<ctl name="SLIMBUS_0_RX Port Mixer SLIM_0_TX" value="0" />

	<ctl name="AUX_PCM_RX Audio Mixer MultiMedia1" value="0" />
	<ctl name="AUX_PCM_RX Audio Mixer MultiMedia4" value="0" />
	<ctl name="AUX_PCM_RX Audio Mixer MultiMedia5" value="0" />

	<ctl name="HDMI Mixer MultiMedia1" value="0" />
	<ctl name="HDMI Mixer MultiMedia2" value="0" />

	<ctl name="SLIM_0_RX_Voice Mixer CSVoice" value="0" />
	<ctl name="SLIM_0_RX_Voice Mixer Voip" value="0" />

	<ctl name="AUX_PCM_RX_Voice Mixer CSVoice" value="0" />
	<ctl name="AUX_PCM_RX_Voice Mixer Voip" value="0" />

	<ctl name="SLIM RX1 MUX" value="ZERO" />
	<ctl name="SLIM RX2 MUX" value="ZERO" />
	<ctl name="SLIM RX3 MUX" value="ZERO" />
	<ctl name="SLIM RX4 MUX" value="ZERO" />
	<ctl name="SLIM RX5 MUX" value="ZERO" />
	<ctl name="SLIM RX6 MUX" value="ZERO" />
	<ctl name="SLIM RX7 MUX" value="ZERO" />

	<ctl name="SLIM_0_RX Channels" value="One" />

	<ctl name="RX2 MIX2 INP2" value="ZERO" />
	<ctl name="RX2 MIX2 INP1" value="ZERO" />
	<ctl name="RX1 MIX2 INP2" value="ZERO" />
	<ctl name="RX1 MIX2 INP1" value="ZERO" />
	<ctl name="RX7 MIX1 INP2" value="ZERO" />
	<ctl name="RX7 MIX1 INP1" value="ZERO" />
	<ctl name="RX6 MIX1 INP2" value="ZERO" />
	<ctl name="RX6 MIX1 INP1" value="ZERO" />
	<ctl name="RX5 MIX1 INP2" value="ZERO" />
	<ctl name="RX5 MIX1 INP1" value="ZERO" />
	<ctl name="RX4 MIX1 INP2" value="ZERO" />
	<ctl name="RX4 MIX1 INP1" value="ZERO" />
	<ctl name="RX3 MIX1 INP2" value="ZERO" />
	<ctl name="RX3 MIX1 INP1" value="ZERO" />
	<ctl name="RX2 MIX1 INP2" value="ZERO" />
	<ctl name="RX2 MIX1 INP1" value="ZERO" />
	<ctl name="RX1 MIX1 INP3" value="ZERO" />
	<ctl name="RX1 MIX1 INP2" value="ZERO" />
	<ctl name="RX1 MIX1 INP1" value="ZERO" />

	<ctl name="RX1 Digital Volume" value="0" />
	<ctl name="RX2 Digital Volume" value="0" />
	<ctl name="RX3 Digital Volume" value="0" />
	<ctl name="RX4 Digital Volume" value="0" />
	<ctl name="RX5 Digital Volume" value="0" />
	<ctl name="RX6 Digital Volume" value="0" />
	<ctl name="RX7 Digital Volume" value="0" />

	<ctl name="HPHL DAC Switch" value="0" />
	<ctl name="HPHL Volume" value="0" />
	<ctl name="HPHR Volume" value="0" />

	<ctl name="LINEOUT1 Volume" value="0" />
	<ctl name="LINEOUT2 Volume" value="0" />
	<ctl name="LINEOUT3 Volume" value="0" />
	<ctl name="LINEOUT4 Volume" value="0" />
	
	<ctl name="SPK DRV Volume" value="0" />

	<ctl name="EAR PA Gain" value="POS_0_DB" />
	
	<ctl name="DAC1 Switch" value="0" />

	<ctl name="COMP0 Switch" value="0" />
	<ctl name="COMP1 Switch" value="0" />
	<ctl name="COMP2 Switch" value="0" />

	<ctl name="CLASS_H_DSM MUX" value="ZERO" />

	<!-- reset TX part -->
	<ctl name="MultiMedia5 Mixer SLIM_0_TX" value="0" />
	<ctl name="MultiMedia5 Mixer AFE_PCM_TX" value="0" />
	<ctl name="MultiMedia1 Mixer MI2S_TX" value="0" />
	<ctl name="MultiMedia1 Mixer SLIM_0_TX" value="0" />
	<ctl name="MultiMedia1 Mixer SLIM_4_TX" value="0" />
	<ctl name="MultiMedia1 Mixer AUX_PCM_UL_TX" value="0" />
	<ctl name="MultiMedia1 Mixer VOC_REC_UL" value="0" />
	<ctl name="MultiMedia1 Mixer VOC_REC_DL" value="0" />

	<ctl name="Voice_Tx Mixer SLIM_0_TX_Voice" value="0" />
	<ctl name="Voice_Tx Mixer AUX_PCM_TX_Voice" value="0" />

	<ctl name="Voip_Tx Mixer SLIM_0_TX_Voip" value="0" />
	<ctl name="Voip_Tx Mixer AUX_PCM_TX_Voip" value="0" />

	<ctl name="SLIM TX10 MUX" value="ZERO" />
	<ctl name="SLIM TX9 MUX" value="ZERO" />
	<ctl name="SLIM TX8 MUX" value="ZERO" />
	<ctl name="SLIM TX7 MUX" value="ZERO" />
	<ctl name="SLIM TX6 MUX" value="ZERO" />
	<ctl name="SLIM TX5 MUX" value="ZERO" />
	<ctl name="SLIM TX4 MUX" value="ZERO" />
	<ctl name="SLIM TX3 MUX" value="ZERO" />
	<ctl name="SLIM TX2 MUX" value="ZERO" />
	<ctl name="SLIM TX1 MUX" value="ZERO" />

	<ctl name="SLIM_0_TX Channels" value="One" />

	<ctl name="DEC10 MUX" value="ZERO" />
	<ctl name="DEC9 MUX" value="ZERO" />
	<ctl name="DEC8 MUX" value="ZERO" />
	<ctl name="DEC7 MUX" value="ZERO" />
	<ctl name="DEC6 MUX" value="ZERO" />
	<ctl name="DEC5 MUX" value="ZERO" />
	<ctl name="DEC4 MUX" value="ZERO" />
	<ctl name="DEC3 MUX" value="ZERO" />
	<ctl name="DEC2 MUX" value="ZERO" />
	<ctl name="DEC1 MUX" value="ZERO" />

	<ctl name="SLIM RX1 MUX" value="AIF1_PB" />
	<ctl name="SLIM RX2 MUX" value="ZERO" />
	<ctl name="AIF1_CAP Mixer SLIM TX7" value="0" />
	<ctl name="AIF1_CAP Mixer SLIM TX8" value="0" />

	<ctl name="ADC1 Volume" value="0" />
	<ctl name="ADC2 Volume" value="0" />
	<ctl name="ADC3 Volume" value="0" />
	<ctl name="ADC4 Volume" value="0" />
	<ctl name="ADC5 Volume" value="0" />
	<ctl name="ADC6 Volume" value="0" />

	<ctl name="DEC1 Volume" value="0" />
	<ctl name="DEC2 Volume" value="0" />
	<ctl name="DEC3 Volume" value="0" />
	<ctl name="DEC4 Volume" value="0" />
	<ctl name="DEC5 Volume" value="0" />
	<ctl name="DEC6 Volume" value="0" />
	<ctl name="DEC7 Volume" value="0" />
	<ctl name="DEC8 Volume" value="0" />
	<ctl name="DEC9 Volume" value="0" />
	<ctl name="DEC10 Volume" value="0" />

	<ctl name="TX3 HPF cut off" value="MIN_3DB_4Hz" />
	<ctl name="TX4 HPF cut off" value="MIN_3DB_4Hz" />
	<ctl name="TX5 HPF cut off" value="MIN_3DB_4Hz" />

	<ctl name="ES325 TX1 Enable" value="ZERO" />
	<ctl name="ES325 RX1 Enable" value="ZERO" />
	<ctl name="ES325 RX2 Enable" value="ZERO" />
	<ctl name="Internal Route Config" value="5" />
	<ctl name="VEQ Enable" value="1" />

	<ctl name="TTY Mode" value="OFF" />
	<ctl name="SPK Status" value="0" />
	<!-- end of initial mixer settings -->

	<!-- ================================================================ -->
	<!-- Verb -->
	<!-- RX part -->
	<!-- hifi -->
	<path name="deep-buffer-playback">
		<ctl name="SLIMBUS_0_RX Audio Mixer MultiMedia1" value="1" />
	</path>

	<path name="deep-buffer-playback hdmi">
		<ctl name="HDMI Mixer MultiMedia1" value="1" />
	</path>

	<path name="deep-buffer-playback speaker-and-hdmi">
		<path name="deep-buffer-playback hdmi" />
		<path name="deep-buffer-playback" />
	</path>

	<path name="deep-buffer-playback bt-sco">
		<ctl name="AUX_PCM_RX Audio Mixer MultiMedia1" value="1" />
	</path>

	<!-- low latency -->
	<path name="low-latency-playback">
		<ctl name="SLIMBUS_0_RX Audio Mixer MultiMedia5" value="1" />
	</path>

	<path name="low-latency-playback hdmi">
		<ctl name="HDMI Mixer MultiMedia5" value="1" />
	</path>

	<path name="low-latency-playback speaker-and-hdmi">
		<path name="low-latency-playback hdmi" />
		<path name="low-latency-playback" />
	</path>

	<path name="low-latency-playback bt-sco">
		<ctl name="AUX_PCM_RX Audio Mixer MultiMedia5" value="1" />
	</path>

	<!-- low latency(JAM) -->
	<path name="jam-framework-playback">
		<ctl name="SLIMBUS_0_RX Audio Mixer MultiMedia10" value="1" />
	</path>

	<!-- tunnel -->
	<path name="compress-offload-playback">
		<ctl name="SLIMBUS_0_RX Audio Mixer MultiMedia4" value="1" />
	</path>

	<path name="compress-offload-playback hdmi">
		<ctl name="HDMI Mixer MultiMedia4" value="1" />
	</path>

	<path name="compress-offload-playback speaker-and-hdmi">
		<path name="compress-offload-playback hdmi" />
		<path name="compress-offload-playback" />
	</path>

	<path name="compress-offload-playback bt-sco">
		<ctl name="AUX_PCM_RX Audio Mixer MultiMedia4" value="1" />
	</path>

	<!-- other -->
	<path name="multi-channel-playback hdmi">
		<ctl name="HDMI Mixer MultiMedia2" value="1" />
	</path>

	<!-- TX part -->
	<path name="audio-record">
		<ctl name="MultiMedia1 Mixer SLIM_0_TX" value="1" />
	</path>

	<path name="audio-record bt-sco">
		<ctl name="MultiMedia1 Mixer AUX_PCM_UL_TX" value="1" />
	</path>

	<!-- call part -->
	<path name="voice-call">
		<ctl name="SLIM_0_RX_Voice Mixer CSVoice" value="1" />
		<ctl name="Voice_Tx Mixer SLIM_0_TX_Voice" value="1" />
	</path>

	<path name="voice-call bt-sco">
		<ctl name="AUX_PCM_RX_Voice Mixer CSVoice" value="1" />
		<ctl name="Voice_Tx Mixer AUX_PCM_TX_Voice" value="1" />
	</path>

	<path name="voip-call">
		<ctl name="SLIM_0_RX_Voice Mixer Voip" value="1" />
		<ctl name="Voip_Tx Mixer SLIM_0_TX_Voip" value="1" />
	</path>

	<path name="voip-call bt-sco">
		<ctl name="AUX_PCM_RX_Voice Mixer Voip" value="1" />
		<ctl name="Voip_Tx Mixer AUX_PCM_TX_Voip" value="1" />
	</path>
	
	<path name="incall-rec-uplink">
		<ctl name="MultiMedia1 Mixer VOC_REC_UL" value="1" />
	</path>

	<path name="incall-rec-downlink">
		<ctl name="MultiMedia1 Mixer VOC_REC_DL" value="1" />
	</path>

	<path name="incall-rec-uplink-and-downlink">
		<ctl name="MultiMedia1 Mixer VOC_REC_UL" value="1" />
		<ctl name="MultiMedia1 Mixer VOC_REC_DL" value="1" />
	</path>	
	<!-- end of Verb -->

	<!-- ================================================================ -->
	<!-- Device -->
	<!-- RX part -->
	<path name="rcv">
		<ctl name="SLIM RX1 MUX" value="AIF1_PB" />
		<ctl name="SLIM_0_RX Channels" value="One" />
		<ctl name="RX1 MIX1 INP1" value="RX1" />
		<ctl name="CLASS_H_DSM MUX" value="DSM_HPHL_RX1" />
		<ctl name="DAC1 Switch" value="1" />
	</path>

	<path name="spk">
		<ctl name="SLIM RX1 MUX" value="AIF1_PB" />
		<ctl name="SLIM RX2 MUX" value="AIF1_PB" />
		<ctl name="SLIM_0_RX Channels" value="Two" />
		<ctl name="RX1 MIX1 INP1" value="RX1" />
		<ctl name="RX1 MIX1 INP2" value="RX2" />
		<ctl name="RX7 MIX1 INP1" value="RX1" />
		<ctl name="RX7 MIX1 INP2" value="RX2" />
		<ctl name="CLASS_H_DSM MUX" value="DSM_HPHL_RX1" />
		<ctl name="HPHL DAC Switch" value="1" />
		<ctl name="DAC1 Switch" value="1" />
	</path>

	<path name="ear">
		<ctl name="SLIM RX1 MUX" value="AIF1_PB" />
		<ctl name="SLIM RX2 MUX" value="AIF1_PB" />
		<ctl name="SLIM_0_RX Channels" value="Two" />
		<ctl name="RX1 MIX1 INP1" value="RX1" />
		<ctl name="RX2 MIX1 INP1" value="RX2" />
		<ctl name="CLASS_H_DSM MUX" value="DSM_HPHL_RX1" />
		<ctl name="HPHL DAC Switch" value="1" />
	</path>

	<path name="lineout">
		<ctl name="SLIM RX1 MUX" value="AIF1_PB" />
		<ctl name="SLIM RX2 MUX" value="AIF1_PB" />
		<ctl name="SLIM_0_RX Channels" value="Two" />
		<ctl name="RX3 MIX1 INP1" value="RX2" />
		<ctl name="RX5 MIX1 INP1" value="RX1" />
	</path>
	
	<path name="spk-lineout">
		<ctl name="SLIM RX1 MUX" value="AIF1_PB" />
		<ctl name="SLIM RX2 MUX" value="AIF1_PB" />
		<ctl name="SLIM_0_RX Channels" value="Two" />
		<ctl name="RX3 MIX1 INP1" value="RX2" />
		<ctl name="RX5 MIX1 INP1" value="RX1" />
		<ctl name="RX7 MIX1 INP1" value="RX1" />
		<ctl name="DAC1 Switch" value="1" />
	</path>

	<path name="spk-ear">
		<ctl name="SLIM RX1 MUX" value="AIF1_PB" />
		<ctl name="SLIM RX2 MUX" value="AIF1_PB" />
		<ctl name="SLIM_0_RX Channels" value="Two" />
		<ctl name="RX1 MIX1 INP1" value="RX1" />
		<ctl name="RX2 MIX1 INP1" value="RX2" />
		<ctl name="RX7 MIX1 INP1" value="RX1" />
		<ctl name="RX7 MIX1 INP2" value="RX2" />
		<ctl name="CLASS_H_DSM MUX" value="DSM_HPHL_RX1" />
		<ctl name="HPHL DAC Switch" value="1" />
		<ctl name="DAC1 Switch" value="1" />
	</path>

	<!-- TX part -->
	<path name="main-mic">
		<ctl name="AIF1_CAP Mixer SLIM TX7" value="1" />
		<ctl name="SLIM_0_TX Channels" value="One" />
		<ctl name="SLIM TX7 MUX" value="DEC6" />
		<ctl name="DEC6 MUX" value="ADC1" />
	</path>

	<path name="sub-mic">
		<ctl name="AIF1_CAP Mixer SLIM TX7" value="1" />
		<ctl name="SLIM_0_TX Channels" value="One" />
		<ctl name="SLIM TX7 MUX" value="DEC4" />
		<ctl name="DEC4 MUX" value="ADC3" />
	</path>

	<path name="3rd-mic">
		<ctl name="AIF1_CAP Mixer SLIM TX7" value="1" />
		<ctl name="SLIM_0_TX Channels" value="One" />
		<ctl name="SLIM TX7 MUX" value="DEC3" />
		<ctl name="DEC3 MUX" value="ADC4" />
	</path>

	<path name="ear-mic">
		<ctl name="AIF1_CAP Mixer SLIM TX7" value="1" />
		<ctl name="SLIM_0_TX Channels" value="One" />
		<ctl name="SLIM TX7 MUX" value="DEC5" />
		<ctl name="DEC5 MUX" value="ADC2" />
	</path>

	<path name="main-sub-mic">
		<ctl name="AIF1_CAP Mixer SLIM TX7" value="1" />
		<ctl name="SLIM_0_TX Channels" value="Two" />
		<ctl name="SLIM TX7 MUX" value="DEC6" />
		<ctl name="DEC6 MUX" value="ADC1" />
		<ctl name="AIF1_CAP Mixer SLIM TX8" value="1" />
		<ctl name="SLIM TX8 MUX" value="DEC4" />
		<ctl name="DEC4 MUX" value="ADC3" />
	</path>

	<path name="sub-main-mic">
		<ctl name="AIF1_CAP Mixer SLIM TX7" value="1" />
		<ctl name="SLIM_0_TX Channels" value="Two" />
		<ctl name="SLIM TX7 MUX" value="DEC4" />
		<ctl name="DEC4 MUX" value="ADC3" />
		<ctl name="AIF1_CAP Mixer SLIM TX8" value="1" />
		<ctl name="SLIM TX8 MUX" value="DEC6" />
		<ctl name="DEC6 MUX" value="ADC1" />
	</path>

	<path name="sub-3rd-mic">
		<ctl name="AIF1_CAP Mixer SLIM TX7" value="1" />
		<ctl name="SLIM_0_TX Channels" value="Two" />
		<ctl name="SLIM TX7 MUX" value="DEC3" />
		<ctl name="DEC3 MUX" value="ADC4" />
		<ctl name="AIF1_CAP Mixer SLIM TX8" value="1" />
		<ctl name="SLIM TX8 MUX" value="DEC4" />
		<ctl name="DEC4 MUX" value="ADC3" />
	</path>
	<!-- end of Device -->

	<!-- ================================================================ -->
	<!-- Play Scenario  -->
	<path name="handset">
		<path name="rcv" />
		<ctl name="EAR PA Gain" value="POS_3_DB" />
		<ctl name="RX1 Digital Volume" value="84" />
	</path>

	<path name="speaker">
		<ctl name="SPK Status" value="1" />
		<path name="spk" />
		<ctl name="HPHL Volume" value="20" />
		<ctl name="HPHR Volume" value="20" />
		<ctl name="EAR PA Gain" value="POS_3_DB" />
		<ctl name="RX1 Digital Volume" value="86" />
		<ctl name="RX7 Digital Volume" value="74" />
		<ctl name="SPK DRV Volume" value="8" />
		<ctl name="COMP0 Switch" value="1" />
	</path>

	<path name="headset">
		<path name="ear" />
		<ctl name="HPHL Volume" value="20" />
		<ctl name="HPHR Volume" value="20" />
		<ctl name="RX1 Digital Volume" value="79" />
		<ctl name="RX2 Digital Volume" value="79" />
		<ctl name="COMP1 Switch" value="1" />
	</path>

	<path name="dock">
		<path name="lineout" />
		<ctl name="RX3 Digital Volume" value="83" />
		<ctl name="RX5 Digital Volume" value="83" />
		<ctl name="LINEOUT1 Volume" value="19" />
		<ctl name="LINEOUT2 Volume" value="19" />
		<ctl name="COMP2 Switch" value="1" />
	</path>

	<path name="speaker-and-headphones">
		<path name="spk-ear" />
		<ctl name="HPHL Volume" value="0" />
		<ctl name="HPHR Volume" value="0" />
		<ctl name="RX1 Digital Volume" value="81" />
		<ctl name="RX2 Digital Volume" value="81" />
		<ctl name="RX7 Digital Volume" value="80" />
		<ctl name="SPK DRV Volume" value="8" />
	</path>

	<path name="speaker-and-hdmi">
		<path name="spk" />
		<ctl name="RX7 Digital Volume" value="80" />
		<ctl name="SPK DRV Volume" value="8" />
	</path>

	<path name="speaker-and-proxy">
		<path name="spk" />
		<ctl name="RX7 Digital Volume" value="84" />
		<ctl name="SPK DRV Volume" value="7" />
	</path>

	<path name="speaker-and-dock">
		<path name="spk-lineout" />
		<ctl name="RX3 Digital Volume" value="84" />
		<ctl name="RX5 Digital Volume" value="84" />
		<ctl name="LINEOUT1 Volume" value="19" />
		<ctl name="LINEOUT2 Volume" value="19" />
		<ctl name="RX7 Digital Volume" value="81" />
		<ctl name="SPK DRV Volume" value="8" />
	</path>
	<!-- end of Play Scenario -->

	<!-- ================================================================ -->
	<!-- Recording Scenario  -->
	<path name="rec-main-mic">
		<ctl name="Main Mic Delay" value="4" />
		<path name="main-mic" />
		<ctl name="ADC1 Volume" value="13" />
		<ctl name="DEC6 Volume" value="84" />
	</path>

	<path name="rec-sub-mic">
		<path name="sub-mic" />
		<ctl name="ADC3 Volume" value="12" />
		<ctl name="DEC4 Volume" value="84" />
	</path>

	<path name="rec-headset-mic">
		<path name="ear-mic" />
		<ctl name="ADC2 Volume" value="14" />
		<ctl name="DEC5 Volume" value="72" />
	</path>

	<path name="rec-stereo-mic">
		<ctl name="Main Mic Delay" value="4" />
		<path name="sub-main-mic" />
		<ctl name="ADC1 Volume" value="11" />
		<ctl name="DEC6 Volume" value="84" />
		<ctl name="ADC3 Volume" value="9" />
		<ctl name="DEC4 Volume" value="84" />
	</path>

	<path name="rec-high-gain-main-mic">
		<path name="main-mic" />
		<ctl name="ADC1 Volume" value="11" />
		<ctl name="DEC6 Volume" value="84" />
	</path>

	<path name="rec-high-gain-sub-mic">
		<path name="sub-mic" />
		<ctl name="ADC3 Volume" value="19" />
		<ctl name="DEC4 Volume" value="94" />
	</path>

	<path name="rec-high-gain-headset-mic">
		<path name="ear-mic" />
		<ctl name="ADC2 Volume" value="14" />
		<ctl name="DEC5 Volume" value="84" />
	</path>

	<path name="rec-high-gain-stereo-mic">
		<path name="sub-3rd-mic" />
		<ctl name="ADC4 Volume" value="19" />
		<ctl name="DEC3 Volume" value="84" />
		<ctl name="ADC3 Volume" value="19" />
		<ctl name="DEC4 Volume" value="84" />
	</path>

	<path name="rec-NS-mic-interview">
		<path name="main-sub-mic" />
		<ctl name="ADC1 Volume" value="12" />
		<ctl name="DEC6 Volume" value="84" />
		<ctl name="ADC3 Volume" value="12" />
		<ctl name="DEC4 Volume" value="84" />
		<ctl name="ES325-AP Tx Channels" value="One" />
		<ctl name="Internal Route Config" value="7" />
		<ctl name="ES325 TX1 Enable" value="1" />
	</path>

	<path name="rec-NS-mic-conversation">
		<path name="main-sub-mic" />
		<ctl name="ADC1 Volume" value="12" />
		<ctl name="DEC6 Volume" value="84" />
		<ctl name="ADC3 Volume" value="12" />
		<ctl name="DEC4 Volume" value="84" />
		<ctl name="ES325-AP Tx Channels" value="One" />
		<ctl name="Internal Route Config" value="8" />
		<ctl name="ES325 TX1 Enable" value="1" />
	</path>

	<path name="rec-NS-mic-conference">
		<path name="main-sub-mic" />
		<ctl name="ADC1 Volume" value="12" />
		<ctl name="DEC6 Volume" value="84" />
		<ctl name="ADC3 Volume" value="12" />
		<ctl name="DEC4 Volume" value="84" />
	</path>
	<!-- end of Recording Scenario -->

	<!-- ================================================================ -->
	<!-- recognition Scenario -->
	<path name="vr-main-mic">
		<path name="main-mic" />
		<ctl name="ADC1 Volume" value="19" />
		<ctl name="DEC6 Volume" value="84" />
	</path>

	<path name="vr-sub-mic">
		<path name="sub-mic" />
		<ctl name="ADC3 Volume" value="12" />
		<ctl name="DEC4 Volume" value="84" />
	</path>

	<path name="vr-headset-mic">
		<path name="ear-mic" />
		<ctl name="ADC2 Volume" value="12" />
		<ctl name="DEC5 Volume" value="84" />
	</path>

	<path name="bargein1-main-mic">
		<path name="main-mic" />
		<ctl name="ADC1 Volume" value="13" />
		<ctl name="DEC6 Volume" value="74" />
	</path>

	<path name="bargein1-sub-mic">
		<path name="sub-mic" />
		<ctl name="ADC3 Volume" value="12" />
		<ctl name="DEC4 Volume" value="84" />
	</path>

	<path name="bargein1-earphone-mic">
		<path name="main-mic" />
		<ctl name="ADC1 Volume" value="17" />
		<ctl name="DEC6 Volume" value="84" />
	</path>

	<path name="bargein1-headset-mic">
		<path name="ear-mic" />
		<ctl name="ADC2 Volume" value="12" />
		<ctl name="DEC5 Volume" value="84" />
	</path>

	<path name="bargein2-main-mic">
		<path name="main-mic" />
		<ctl name="ADC1 Volume" value="13" />
		<ctl name="DEC6 Volume" value="74" />
	</path>

	<path name="bargein2-sub-mic">
		<path name="sub-mic" />
		<ctl name="ADC3 Volume" value="12" />
		<ctl name="DEC4 Volume" value="84" />
	</path>

	<path name="bargein2-earphone-mic">
		<path name="main-mic" />
		<ctl name="ADC1 Volume" value="12" />
		<ctl name="DEC6 Volume" value="84" />
	</path>

	<path name="bargein2-headset-mic">
		<path name="ear-mic" />
		<ctl name="ADC2 Volume" value="12" />
		<ctl name="DEC5 Volume" value="84" />
	</path>

	<path name="svoice-NS-mic">
		<path name="sub-3rd-mic" />
		<ctl name="ADC4 Volume" value="19" />
		<ctl name="DEC3 Volume" value="84" />
		<ctl name="ADC3 Volume" value="19" />
		<ctl name="DEC4 Volume" value="84" />
		<ctl name="TX3 HPF cut off" value="MIN_3DB_150Hz" />
		<ctl name="TX4 HPF cut off" value="MIN_3DB_150Hz" />
		<ctl name="TX5 HPF cut off" value="MIN_3DB_150Hz" />
		<ctl name="ES325-AP Tx Channels" value="One" />
		<ctl name="Internal Route Config" value="13" />
		<ctl name="ES325 TX1 Enable" value="1" />
	</path>

	<path name="sdriving-NS-mic">
		<path name="sub-3rd-mic" />
		<ctl name="ADC4 Volume" value="19" />
		<ctl name="DEC3 Volume" value="84" />
		<ctl name="ADC3 Volume" value="19" />
		<ctl name="DEC4 Volume" value="84" />
		<ctl name="TX3 HPF cut off" value="MIN_3DB_150Hz" />
		<ctl name="TX4 HPF cut off" value="MIN_3DB_150Hz" />
		<ctl name="TX5 HPF cut off" value="MIN_3DB_150Hz" />
		<ctl name="ES325-AP Tx Channels" value="One" />
		<ctl name="Internal Route Config" value="13" />
		<ctl name="ES325 TX1 Enable" value="1" />
	</path>
	<!-- end of recognition Scenario -->

	<!-- ================================================================ -->
	<!-- Voice call Scenario -->
	<!-- RX part -->
	<path name="voice-call-handset">
		<path name="rcv" />
		<ctl name="EAR PA Gain" value="POS_6_DB" />
		<ctl name="RX1 Digital Volume" value="84" />
		<ctl name="ES325 RX1 Enable" value="1" />
	</path>

	<path name="voice-call-handset-extra-vol">
		<path name="rcv" />
		<ctl name="EAR PA Gain" value="POS_4P5_DB" />
		<ctl name="RX1 Digital Volume" value="84" />
		<ctl name="ES325 RX1 Enable" value="1" />
		<ctl name="VEQ Enable" value="0" />
	</path>

	<path name="voice-call-handset-hac">
		<path name="rcv" />
		<ctl name="EAR PA Gain" value="POS_3_DB" />
		<ctl name="RX1 Digital Volume" value="84" />
		<ctl name="ES325 RX1 Enable" value="1" />
	</path>

	<path name="voice-call-speaker">
		<path name="spk" />
		<ctl name="RX7 Digital Volume" value="84" />
		<ctl name="SPK DRV Volume" value="8" />
		<ctl name="COMP0 Switch" value="1" />
		<ctl name="ES325 RX1 Enable" value="1" />
	</path>

	<path name="voice-call-speaker-extra-vol">
		<path name="spk" />
		<ctl name="RX7 Digital Volume" value="84" />
		<ctl name="SPK DRV Volume" value="8" />
		<ctl name="ES325 RX1 Enable" value="1" />
		<ctl name="VEQ Enable" value="0" />
	</path>

	<path name="voice-call-headset">
		<path name="ear" />
		<ctl name="HPHL Volume" value="20" />
		<ctl name="HPHR Volume" value="20" />
		<ctl name="RX1 Digital Volume" value="84" />
		<ctl name="RX2 Digital Volume" value="84" />
		<ctl name="ES325 RX1 Enable" value="1" />
	</path>

	<path name="voice-call-dock">
		<path name="lineout" />
		<ctl name="SLIM_0_RX Channels" value="Two" />
		<ctl name="LINEOUT1 Volume" value="19" />
		<ctl name="LINEOUT2 Volume" value="19" />
	</path>

	<!-- TX part -->
	<path name="voice-call-main-mic">
		<path name="main-sub-mic" />
		<ctl name="ADC1 Volume" value="12" />
		<ctl name="DEC6 Volume" value="84" />
		<ctl name="ADC3 Volume" value="12" />
		<ctl name="DEC4 Volume" value="84" />
		<ctl name="TX3 HPF cut off" value="MIN_3DB_150Hz" />
		<ctl name="TX4 HPF cut off" value="MIN_3DB_150Hz" />
		<ctl name="TX5 HPF cut off" value="MIN_3DB_150Hz" />
		<ctl name="ES325-AP Tx Channels" value="One" />
		<ctl name="Internal Route Config" value="4" />
		<ctl name="ES325 TX1 Enable" value="1" />
	</path>

	<path name="voice-call-sub-mic">
		<path name="sub-3rd-mic" />
		<ctl name="ADC4 Volume" value="12" />
		<ctl name="DEC3 Volume" value="84" />
		<ctl name="ADC3 Volume" value="12" />
		<ctl name="DEC4 Volume" value="84" />
		<ctl name="TX3 HPF cut off" value="MIN_3DB_150Hz" />
		<ctl name="TX4 HPF cut off" value="MIN_3DB_150Hz" />
		<ctl name="TX5 HPF cut off" value="MIN_3DB_150Hz" />
		<ctl name="ES325-AP Tx Channels" value="One" />
		<ctl name="Internal Route Config" value="3" />
		<ctl name="ES325 TX1 Enable" value="1" />
	</path>

	<path name="voice-call-headphone-mic">
		<path name="main-mic" />
		<ctl name="ADC1 Volume" value="12" />
		<ctl name="DEC6 Volume" value="84" />
		<ctl name="TX3 HPF cut off" value="MIN_3DB_150Hz" />
		<ctl name="TX4 HPF cut off" value="MIN_3DB_150Hz" />
		<ctl name="TX5 HPF cut off" value="MIN_3DB_150Hz" />
		<ctl name="ES325-AP Tx Channels" value="One" />
		<ctl name="Internal Route Config" value="0" />
		<ctl name="ES325 TX1 Enable" value="1" />
	</path>

	<path name="voice-call-headset-mic">
		<path name="ear-mic" />
		<ctl name="ADC2 Volume" value="12" />
		<ctl name="DEC5 Volume" value="84" />
		<ctl name="IIR1 INP1 MUX" value="DEC5" />
		<ctl name="RX1 MIX2 INP1" value="IIR1" />
		<ctl name="RX2 MIX2 INP1" value="IIR1" />
		<ctl name="IIR1 INP1 Volume" value="55" />
		<ctl name="TX3 HPF cut off" value="MIN_3DB_150Hz" />
		<ctl name="TX4 HPF cut off" value="MIN_3DB_150Hz" />
		<ctl name="TX5 HPF cut off" value="MIN_3DB_150Hz" />
		<ctl name="ES325-AP Tx Channels" value="One" />
		<ctl name="Internal Route Config" value="0" />
		<ctl name="ES325 TX1 Enable" value="1" />
	</path>

	<path name="voice-call-NS-mic-handset">
		<path name="main-sub-mic" />
		<ctl name="ADC1 Volume" value="12" />
		<ctl name="DEC6 Volume" value="84" />
		<ctl name="ADC3 Volume" value="12" />
		<ctl name="DEC4 Volume" value="84" />
		<ctl name="TX3 HPF cut off" value="MIN_3DB_150Hz" />
		<ctl name="TX4 HPF cut off" value="MIN_3DB_150Hz" />
		<ctl name="TX5 HPF cut off" value="MIN_3DB_150Hz" />
		<ctl name="ES325-AP Tx Channels" value="One" />
		<ctl name="Internal Route Config" value="2" />
		<ctl name="ES325 TX1 Enable" value="1" />
	</path>

	<path name="voice-call-NS-mic-speaker">
		<path name="sub-3rd-mic" />
		<ctl name="ADC4 Volume" value="16" />
		<ctl name="DEC3 Volume" value="84" />
		<ctl name="ADC3 Volume" value="16" />
		<ctl name="DEC4 Volume" value="84" />
		<ctl name="TX3 HPF cut off" value="MIN_3DB_150Hz" />
		<ctl name="TX4 HPF cut off" value="MIN_3DB_150Hz" />
		<ctl name="TX5 HPF cut off" value="MIN_3DB_150Hz" />
		<ctl name="ES325-AP Tx Channels" value="One" />
		<ctl name="Internal Route Config" value="1" />
		<ctl name="ES325 TX1 Enable" value="1" />
	</path>
	<!-- end of Voice call Scenario  -->	
	
	<!-- ================================================================ -->	
	<!-- call forward Scenario -->
	<path name="voice-call-forward">
		<ctl name="SLIM RX1 MUX" value="AIF1_PB" />
		<ctl name="SLIM_0_RX Channels" value="One" />
		<ctl name="RX1 MIX1 INP1" value="RX1" />
		<ctl name="CLASS_H_DSM MUX" value="DSM_HPHL_RX1" />
		<ctl name="EAR PA Gain" value="POS_6_DB" />
		<ctl name="RX1 Digital Volume" value="0" />
		<ctl name="ES325 RX1 Enable" value="1" />
	</path>
	
	<path name="voice-call-forward-mic">
		<ctl name="AIF1_CAP Mixer SLIM TX7" value="1" />
		<ctl name="SLIM_0_TX Channels" value="One" />
		<ctl name="SLIM TX7 MUX" value="DEC6" />
		<ctl name="DEC6 MUX" value="ADC1" />
		<ctl name="DEC6 Volume" value="0" />
		<ctl name="ES325-AP Tx Channels" value="One" />
		<ctl name="Internal Route Config" value="4" />
		<ctl name="ES325 TX1 Enable" value="1" />
	</path>
	<!-- end of call forward Scenario -->

	<!-- ================================================================ -->
	<!-- Video call Scenario -->
	<!-- RX part -->
	<path name="video-call-handset">
		<path name="rcv" />
		<ctl name="EAR PA Gain" value="POS_3_DB" />
		<ctl name="RX1 Digital Volume" value="84" />
		<ctl name="ES325 RX1 Enable" value="1" />
	</path>

	<path name="video-call-handset-extra-vol">
		<path name="rcv" />
		<ctl name="EAR PA Gain" value="POS_3_DB" />
		<ctl name="RX1 Digital Volume" value="84" />
		<ctl name="ES325 RX1 Enable" value="1" />
	</path>

	<path name="video-call-speaker">
		<path name="spk" />
		<ctl name="RX7 Digital Volume" value="84" />
		<ctl name="SPK DRV Volume" value="8" />
		<ctl name="ES325 RX1 Enable" value="1" />
	</path>

	<path name="video-call-speaker-extra-vol">
		<path name="spk" />
		<ctl name="RX7 Digital Volume" value="81" />
		<ctl name="SPK DRV Volume" value="8" />
		<ctl name="COMP0 Switch" value="1" />
		<ctl name="ES325 RX1 Enable" value="1" />
	</path>

	<path name="video-call-headset">
		<path name="ear" />
		<ctl name="HPHL Volume" value="20" />
		<ctl name="HPHR Volume" value="20" />
		<ctl name="RX1 Digital Volume" value="84" />
		<ctl name="RX2 Digital Volume" value="84" />
		<ctl name="ES325 RX1 Enable" value="1" />
	</path>

	<path name="video-call-dock">
		<path name="lineout" />
		<ctl name="SLIM_0_RX Channels" value="Two" />
		<ctl name="LINEOUT1 Volume" value="20" />
		<ctl name="LINEOUT2 Volume" value="20" />
	</path>

	<!-- TX part -->
	<path name="video-call-main-mic">
		<path name="main-sub-mic" />
		<ctl name="ADC1 Volume" value="12" />
		<ctl name="DEC6 Volume" value="84" />
		<ctl name="ADC3 Volume" value="12" />
		<ctl name="DEC4 Volume" value="84" />
		<ctl name="TX3 HPF cut off" value="MIN_3DB_150Hz" />
		<ctl name="TX4 HPF cut off" value="MIN_3DB_150Hz" />
		<ctl name="TX5 HPF cut off" value="MIN_3DB_150Hz" />
		<ctl name="ES325-AP Tx Channels" value="One" />
		<ctl name="Internal Route Config" value="4" />
		<ctl name="ES325 TX1 Enable" value="1" />
	</path>

	<path name="video-call-sub-mic">
		<path name="sub-3rd-mic" />
		<ctl name="ADC4 Volume" value="12" />
		<ctl name="DEC3 Volume" value="84" />
		<ctl name="ADC3 Volume" value="12" />
		<ctl name="DEC4 Volume" value="84" />
		<ctl name="TX3 HPF cut off" value="MIN_3DB_150Hz" />
		<ctl name="TX4 HPF cut off" value="MIN_3DB_150Hz" />
		<ctl name="TX5 HPF cut off" value="MIN_3DB_150Hz" />
		<ctl name="ES325-AP Tx Channels" value="One" />
		<ctl name="Internal Route Config" value="3" />
		<ctl name="ES325 TX1 Enable" value="1" />
	</path>

	<path name="video-call-headphone-mic">
		<path name="main-mic" />
		<ctl name="ADC1 Volume" value="12" />
		<ctl name="DEC6 Volume" value="84" />
		<ctl name="ES325-AP Tx Channels" value="One" />
		<ctl name="Internal Route Config" value="0" />
		<ctl name="ES325 TX1 Enable" value="1" />
	</path>

	<path name="video-call-headset-mic">
		<path name="ear-mic" />
		<ctl name="ADC2 Volume" value="12" />
		<ctl name="DEC5 Volume" value="84" />
		<ctl name="IIR1 INP1 MUX" value="DEC5" />
		<ctl name="RX1 MIX2 INP1" value="IIR1" />
		<ctl name="RX2 MIX2 INP1" value="IIR1" />
		<ctl name="IIR1 INP1 Volume" value="61" />
		<ctl name="ES325-AP Tx Channels" value="One" />
		<ctl name="Internal Route Config" value="0" />
		<ctl name="ES325 TX1 Enable" value="1" />
	</path>

	<path name="video-call-NS-mic-handset">
		<path name="main-sub-mic" />
		<ctl name="ADC1 Volume" value="12" />
		<ctl name="DEC6 Volume" value="84" />
		<ctl name="ADC3 Volume" value="12" />
		<ctl name="DEC4 Volume" value="84" />
		<ctl name="TX3 HPF cut off" value="MIN_3DB_150Hz" />
		<ctl name="TX4 HPF cut off" value="MIN_3DB_150Hz" />
		<ctl name="TX5 HPF cut off" value="MIN_3DB_150Hz" />
		<ctl name="ES325-AP Tx Channels" value="One" />
		<ctl name="Internal Route Config" value="2" />
		<ctl name="ES325 TX1 Enable" value="1" />
	</path>

	<path name="video-call-NS-mic-speaker">
		<path name="sub-3rd-mic" />
		<ctl name="ADC4 Volume" value="16" />
		<ctl name="DEC3 Volume" value="84" />
		<ctl name="ADC3 Volume" value="16" />
		<ctl name="DEC4 Volume" value="84" />
		<ctl name="TX3 HPF cut off" value="MIN_3DB_150Hz" />
		<ctl name="TX4 HPF cut off" value="MIN_3DB_150Hz" />
		<ctl name="TX5 HPF cut off" value="MIN_3DB_150Hz" />
		<ctl name="ES325-AP Tx Channels" value="One" />
		<ctl name="Internal Route Config" value="1" />
		<ctl name="ES325 TX1 Enable" value="1" />
	</path>
	<!-- end of Video call Scenario  -->

	<!-- ================================================================ -->
	<!-- VoLTE Voice call Scenario -->
	<!-- RX part -->
	<path name="VoLTE-voice-handset">
		<path name="rcv" />
		<ctl name="EAR PA Gain" value="POS_6_DB" />
		<ctl name="RX1 Digital Volume" value="84" />
		<ctl name="ES325 RX1 Enable" value="1" />
	</path>

	<path name="VoLTE-voice-handset-extra-vol">
		<path name="rcv" />
		<ctl name="EAR PA Gain" value="POS_4P5_DB" />
		<ctl name="RX1 Digital Volume" value="84" />
		<ctl name="ES325 RX1 Enable" value="1" />
		<ctl name="VEQ Enable" value="0" />
	</path>

	<path name="VoLTE-voice-handset-hac">
		<path name="rcv" />
		<ctl name="EAR PA Gain" value="POS_3_DB" />
		<ctl name="RX1 Digital Volume" value="84" />
		<ctl name="ES325 RX1 Enable" value="1" />
	</path>
	
	<path name="VoLTE-voice-speaker">
		<path name="spk" />
		<ctl name="RX7 Digital Volume" value="84" />
		<ctl name="SPK DRV Volume" value="8" />
		<ctl name="COMP0 Switch" value="1" />
		<ctl name="ES325 RX1 Enable" value="1" />
	</path>

	<path name="VoLTE-voice-speaker-extra-vol">
		<path name="spk" />
		<ctl name="RX7 Digital Volume" value="84" />
		<ctl name="SPK DRV Volume" value="8" />
		<ctl name="ES325 RX1 Enable" value="1" />
		<ctl name="VEQ Enable" value="0" />
	</path>

	<path name="VoLTE-voice-headset">
		<path name="ear" />
		<ctl name="HPHL Volume" value="20" />
		<ctl name="HPHR Volume" value="20" />
		<ctl name="RX1 Digital Volume" value="84" />
		<ctl name="RX2 Digital Volume" value="84" />
		<ctl name="ES325 RX1 Enable" value="1" />
	</path>

	<path name="VoLTE-voice-dock">
		<path name="lineout" />
		<ctl name="SLIM_0_RX Channels" value="Two" />
		<ctl name="LINEOUT1 Volume" value="19" />
		<ctl name="LINEOUT2 Volume" value="19" />
	</path>

	<!-- TX part -->
	<path name="VoLTE-voice-main-mic">
		<path name="main-sub-mic" />
		<ctl name="ADC1 Volume" value="12" />
		<ctl name="DEC6 Volume" value="84" />
		<ctl name="ADC3 Volume" value="12" />
		<ctl name="DEC4 Volume" value="84" />
		<ctl name="TX3 HPF cut off" value="MIN_3DB_150Hz" />
		<ctl name="TX4 HPF cut off" value="MIN_3DB_150Hz" />
		<ctl name="TX5 HPF cut off" value="MIN_3DB_150Hz" />
		<ctl name="ES325-AP Tx Channels" value="One" />
		<ctl name="Internal Route Config" value="4" />
		<ctl name="ES325 TX1 Enable" value="1" />
	</path>

	<path name="VoLTE-voice-sub-mic">
		<path name="sub-3rd-mic" />
		<ctl name="ADC4 Volume" value="12" />
		<ctl name="DEC3 Volume" value="84" />
		<ctl name="ADC3 Volume" value="12" />
		<ctl name="DEC4 Volume" value="84" />
		<ctl name="TX3 HPF cut off" value="MIN_3DB_150Hz" />
		<ctl name="TX4 HPF cut off" value="MIN_3DB_150Hz" />
		<ctl name="TX5 HPF cut off" value="MIN_3DB_150Hz" />
		<ctl name="ES325-AP Tx Channels" value="One" />
		<ctl name="Internal Route Config" value="3" />
		<ctl name="ES325 TX1 Enable" value="1" />
	</path>

	<path name="VoLTE-voice-headphone-mic">
		<path name="main-mic" />
		<ctl name="ADC1 Volume" value="12" />
		<ctl name="DEC6 Volume" value="84" />
		<ctl name="TX3 HPF cut off" value="MIN_3DB_150Hz" />
		<ctl name="TX4 HPF cut off" value="MIN_3DB_150Hz" />
		<ctl name="TX5 HPF cut off" value="MIN_3DB_150Hz" />
		<ctl name="ES325-AP Tx Channels" value="One" />
		<ctl name="Internal Route Config" value="0" />
		<ctl name="ES325 TX1 Enable" value="1" />
	</path>

	<path name="VoLTE-voice-headset-mic">
		<path name="ear-mic" />
		<ctl name="ADC2 Volume" value="12" />
		<ctl name="DEC5 Volume" value="84" />
		<ctl name="IIR1 INP1 MUX" value="DEC5" />
		<ctl name="RX1 MIX2 INP1" value="IIR1" />
		<ctl name="RX2 MIX2 INP1" value="IIR1" />
		<ctl name="IIR1 INP1 Volume" value="53" />
		<ctl name="TX3 HPF cut off" value="MIN_3DB_150Hz" />
		<ctl name="TX4 HPF cut off" value="MIN_3DB_150Hz" />
		<ctl name="TX5 HPF cut off" value="MIN_3DB_150Hz" />
		<ctl name="ES325-AP Tx Channels" value="One" />
		<ctl name="Internal Route Config" value="0" />
		<ctl name="ES325 TX1 Enable" value="1" />
	</path>

	<path name="VoLTE-voice-NS-mic-handset">
		<path name="main-sub-mic" />
		<ctl name="ADC1 Volume" value="12" />
		<ctl name="DEC6 Volume" value="84" />
		<ctl name="ADC3 Volume" value="12" />
		<ctl name="DEC4 Volume" value="84" />
		<ctl name="TX3 HPF cut off" value="MIN_3DB_150Hz" />
		<ctl name="TX4 HPF cut off" value="MIN_3DB_150Hz" />
		<ctl name="TX5 HPF cut off" value="MIN_3DB_150Hz" />
		<ctl name="ES325-AP Tx Channels" value="One" />
		<ctl name="Internal Route Config" value="2" />
		<ctl name="ES325 TX1 Enable" value="1" />
	</path>

	<path name="VoLTE-voice-NS-mic-speaker">
		<path name="sub-3rd-mic" />
		<ctl name="ADC4 Volume" value="16" />
		<ctl name="DEC3 Volume" value="84" />
		<ctl name="ADC3 Volume" value="16" />
		<ctl name="DEC4 Volume" value="84" />
		<ctl name="TX3 HPF cut off" value="MIN_3DB_150Hz" />
		<ctl name="TX4 HPF cut off" value="MIN_3DB_150Hz" />
		<ctl name="TX5 HPF cut off" value="MIN_3DB_150Hz" />
		<ctl name="ES325-AP Tx Channels" value="One" />
		<ctl name="Internal Route Config" value="1" />
		<ctl name="ES325 TX1 Enable" value="1" />
	</path>
	<!-- end of VoLTE Voice call Scenario  -->

	<!-- ================================================================ -->
	<!-- VoLTE Video call Scenario -->
	<!-- RX part -->
	<path name="VoLTE-video-handset">
		<path name="rcv" />
		<ctl name="EAR PA Gain" value="POS_3_DB" />
		<ctl name="RX1 Digital Volume" value="84" />
		<ctl name="ES325 RX1 Enable" value="1" />
	</path>

	<path name="VoLTE-video-handset-extra-vol">
		<path name="rcv" />
		<ctl name="EAR PA Gain" value="POS_3_DB" />
		<ctl name="RX1 Digital Volume" value="84" />
		<ctl name="ES325 RX1 Enable" value="1" />
	</path>

	<path name="VoLTE-video-speaker">
		<path name="spk" />
		<ctl name="RX7 Digital Volume" value="84" />
		<ctl name="SPK DRV Volume" value="8" />
		<ctl name="ES325 RX1 Enable" value="1" />
	</path>

	<path name="VoLTE-video-speaker-extra-vol">
		<path name="spk" />
		<ctl name="RX7 Digital Volume" value="81" />
		<ctl name="SPK DRV Volume" value="8" />
		<ctl name="COMP0 Switch" value="1" />
		<ctl name="ES325 RX1 Enable" value="1" />
	</path>

	<path name="VoLTE-video-headset">
		<path name="ear" />
		<ctl name="HPHL Volume" value="20" />
		<ctl name="HPHR Volume" value="20" />
		<ctl name="RX1 Digital Volume" value="84" />
		<ctl name="RX2 Digital Volume" value="84" />
		<ctl name="ES325 RX1 Enable" value="1" />
	</path>

	<path name="VoLTE-video-dock">
		<path name="lineout" />
		<ctl name="SLIM_0_RX Channels" value="Two" />
		<ctl name="LINEOUT1 Volume" value="20" />
		<ctl name="LINEOUT2 Volume" value="20" />
	</path>

	<!-- TX part -->
	<path name="VoLTE-video-main-mic">
		<path name="main-sub-mic" />
		<ctl name="ADC1 Volume" value="12" />
		<ctl name="DEC6 Volume" value="84" />
		<ctl name="ADC3 Volume" value="12" />
		<ctl name="DEC4 Volume" value="84" />
		<ctl name="TX3 HPF cut off" value="MIN_3DB_150Hz" />
		<ctl name="TX4 HPF cut off" value="MIN_3DB_150Hz" />
		<ctl name="TX5 HPF cut off" value="MIN_3DB_150Hz" />
		<ctl name="ES325-AP Tx Channels" value="One" />
		<ctl name="Internal Route Config" value="4" />
		<ctl name="ES325 TX1 Enable" value="1" />
	</path>

	<path name="VoLTE-video-sub-mic">
		<path name="sub-3rd-mic" />
		<ctl name="ADC4 Volume" value="12" />
		<ctl name="DEC3 Volume" value="84" />
		<ctl name="ADC3 Volume" value="12" />
		<ctl name="DEC4 Volume" value="84" />
		<ctl name="ES325-AP Tx Channels" value="One" />
		<ctl name="Internal Route Config" value="3" />
		<ctl name="ES325 TX1 Enable" value="1" />
	</path>

	<path name="VoLTE-video-headphone-mic">
		<path name="main-mic" />
		<ctl name="ADC1 Volume" value="12" />
		<ctl name="DEC6 Volume" value="84" />
		<ctl name="ES325-AP Tx Channels" value="One" />
		<ctl name="Internal Route Config" value="0" />
		<ctl name="ES325 TX1 Enable" value="1" />
	</path>

	<path name="VoLTE-video-headset-mic">
		<path name="ear-mic" />
		<ctl name="ADC2 Volume" value="12" />
		<ctl name="DEC5 Volume" value="84" />
		<ctl name="IIR1 INP1 MUX" value="DEC5" />
		<ctl name="RX1 MIX2 INP1" value="IIR1" />
		<ctl name="RX2 MIX2 INP1" value="IIR1" />
		<ctl name="IIR1 INP1 Volume" value="61" />
		<ctl name="ES325-AP Tx Channels" value="One" />
		<ctl name="Internal Route Config" value="0" />
		<ctl name="ES325 TX1 Enable" value="1" />
	</path>

	<path name="VoLTE-video-NS-mic-handset">
		<path name="main-sub-mic" />
		<ctl name="ADC1 Volume" value="12" />
		<ctl name="DEC6 Volume" value="84" />
		<ctl name="ADC3 Volume" value="12" />
		<ctl name="DEC4 Volume" value="84" />
		<ctl name="TX3 HPF cut off" value="MIN_3DB_150Hz" />
		<ctl name="TX4 HPF cut off" value="MIN_3DB_150Hz" />
		<ctl name="TX5 HPF cut off" value="MIN_3DB_150Hz" />
		<ctl name="ES325-AP Tx Channels" value="One" />
		<ctl name="Internal Route Config" value="2" />
		<ctl name="ES325 TX1 Enable" value="1" />
	</path>

	<path name="VoLTE-video-NS-mic-speaker">
		<path name="sub-3rd-mic" />
		<ctl name="ADC4 Volume" value="16" />
		<ctl name="DEC3 Volume" value="84" />
		<ctl name="ADC3 Volume" value="16" />
		<ctl name="DEC4 Volume" value="84" />
		<ctl name="TX3 HPF cut off" value="MIN_3DB_150Hz" />
		<ctl name="TX4 HPF cut off" value="MIN_3DB_150Hz" />
		<ctl name="TX5 HPF cut off" value="MIN_3DB_150Hz" />
		<ctl name="ES325-AP Tx Channels" value="One" />
		<ctl name="Internal Route Config" value="1" />
		<ctl name="ES325 TX1 Enable" value="1" />
	</path>
	<!-- end of VoLTE Video call Scenario  -->

	<!-- ================================================================ -->
	<!-- TTY Scenario  -->
	<!-- RX part -->
	<path name="TTY-handset">
		<path name="rcv" />
		<ctl name="EAR PA Gain" value="POS_3_DB" />
		<ctl name="RX1 Digital Volume" value="84" />
		<ctl name="ES325 RX1 Enable" value="1" />
	</path>

	<path name="TTY-handset-extra-vol">
		<path name="rcv" />
		<ctl name="EAR PA Gain" value="POS_3_DB" />
		<ctl name="RX1 Digital Volume" value="84" />
		<ctl name="ES325 RX1 Enable" value="1" />
	</path>

	<path name="TTY-headset">
		<path name="ear" />
		<ctl name="HPHL Volume" value="20" />
		<ctl name="HPHR Volume" value="20" />
		<ctl name="RX1 Digital Volume" value="84" />
		<ctl name="RX2 Digital Volume" value="84" />
		<ctl name="ES325 RX1 Enable" value="1" />
	</path>

	<path name="TTY-full">
		<path name="ear" />
		<ctl name="HPHL Volume" value="20" />
		<ctl name="HPHR Volume" value="20" />
		<ctl name="RX1 Digital Volume" value="84" />
		<ctl name="RX2 Digital Volume" value="84" />
		<ctl name="ES325 RX1 Enable" value="1" />
	</path>

	<!-- TX part -->
	<path name="TTY-vco-mic">
		<path name="main-sub-mic" />
		<ctl name="ADC1 Volume" value="12" />
		<ctl name="DEC6 Volume" value="84" />
		<ctl name="ADC3 Volume" value="12" />
		<ctl name="DEC4 Volume" value="84" />
		<ctl name="TX3 HPF cut off" value="MIN_3DB_150Hz" />
		<ctl name="TX4 HPF cut off" value="MIN_3DB_150Hz" />
		<ctl name="TX5 HPF cut off" value="MIN_3DB_150Hz" />
		<ctl name="ES325-AP Tx Channels" value="One" />
		<ctl name="Internal Route Config" value="11" />
		<ctl name="ES325 TX1 Enable" value="1" />
		<ctl name="TTY Mode" value="VCO" />
	</path>

	<path name="TTY-headset-mic">
		<path name="ear-mic" />
		<ctl name="ADC2 Volume" value="12" />
		<ctl name="DEC5 Volume" value="84" />
		<ctl name="ES325-AP Tx Channels" value="One" />
		<ctl name="Internal Route Config" value="12" />
		<ctl name="ES325 TX1 Enable" value="1" />
		<ctl name="TTY Mode" value="HCO" />
	</path>

	<path name="TTY-full-mic">
		<path name="ear-mic" />
		<ctl name="ADC2 Volume" value="12" />
		<ctl name="DEC5 Volume" value="84" />
		<ctl name="ES325-AP Tx Channels" value="One" />
		<ctl name="Internal Route Config" value="0" />
		<ctl name="ES325 TX1 Enable" value="1" />
		<ctl name="TTY Mode" value="FULL" />
	</path>
	<!-- end of TTY Scenario -->

	<!-- ================================================================ -->
	<!-- VoIP Scenario -->
	<!-- RX part -->
	<path name="voip-handset-comm">
		<path name="rcv" />
		<ctl name="EAR PA Gain" value="POS_3_DB" />
		<ctl name="RX1 Digital Volume" value="84" />
	</path>

	<path name="voip-speaker-comm">
		<path name="spk" />
		<ctl name="RX7 Digital Volume" value="84" />
		<ctl name="SPK DRV Volume" value="8" />
	</path>

	<path name="voip-headset-comm">
		<path name="ear" />
		<ctl name="HPHL DAC Switch" value="1" />
		<ctl name="HPHL Volume" value="20" />
		<ctl name="HPHR Volume" value="20" />
		<ctl name="RX1 Digital Volume" value="84" />
		<ctl name="RX2 Digital Volume" value="84" />
	</path>

	<path name="voip-handset-others">
		<path name="rcv" />
		<ctl name="EAR PA Gain" value="POS_6_DB" />
		<ctl name="RX1 Digital Volume" value="84" />
	</path>

	<path name="voip-speaker-others">
		<path name="spk" />
		<ctl name="RX7 Digital Volume" value="84" />
		<ctl name="SPK DRV Volume" value="8" />
	</path>

	<path name="voip-headset-others">
		<path name="ear" />
		<ctl name="HPHL DAC Switch" value="1" />
		<ctl name="HPHL Volume" value="20" />
		<ctl name="HPHR Volume" value="20" />
		<ctl name="RX1 Digital Volume" value="84" />
		<ctl name="RX2 Digital Volume" value="84" />
	</path>

	<path name="voip-handset-chaton">
		<path name="rcv" />
		<ctl name="EAR PA Gain" value="POS_3_DB" />
		<ctl name="RX1 Digital Volume" value="84" />
	</path>

	<path name="voip-speaker-chaton">
		<path name="spk" />
		<ctl name="RX7 Digital Volume" value="84" />
		<ctl name="SPK DRV Volume" value="7" />
	</path>

	<path name="voip-headset-chaton">
		<path name="ear" />
		<ctl name="HPHL Volume" value="16" />
		<ctl name="HPHR Volume" value="16" />
		<ctl name="RX1 Digital Volume" value="84" />
		<ctl name="RX2 Digital Volume" value="84" />
	</path>

	<path name="voip-handset-carrier">
		<path name="rcv" />
		<ctl name="EAR PA Gain" value="POS_6_DB" />
		<ctl name="RX1 Digital Volume" value="84" />
	</path>

	<path name="voip-speaker-carrier">
		<path name="spk" />
		<ctl name="RX7 Digital Volume" value="84" />
		<ctl name="SPK DRV Volume" value="8" />
	</path>

	<path name="voip-headset-carrier">
		<path name="ear" />
		<ctl name="HPHL Volume" value="20" />
		<ctl name="HPHR Volume" value="20" />
		<ctl name="RX1 Digital Volume" value="84" />
		<ctl name="RX2 Digital Volume" value="84" />
	</path>

	<!-- TX part -->
	<path name="voip-main-mic-comm">
		<path name="main-mic" />
		<ctl name="ADC1 Volume" value="6" />
		<ctl name="DEC6 Volume" value="84" />
	</path>

	<path name="voip-sub-mic-comm">
		<path name="sub-mic" />
		<ctl name="ADC3 Volume" value="12" />
		<ctl name="DEC4 Volume" value="84" />
	</path>

	<path name="voip-headphone-mic-comm">
		<path name="main-mic" />
		<ctl name="ADC1 Volume" value="12" />
		<ctl name="DEC6 Volume" value="84" />
	</path>

	<path name="voip-headset-mic-comm">
		<path name="ear-mic" />
		<ctl name="ADC2 Volume" value="12" />
		<ctl name="DEC5 Volume" value="84" />
	</path>

	<path name="voip-main-mic-others">
		<path name="main-mic" />
		<ctl name="ADC1 Volume" value="12" />
		<ctl name="DEC6 Volume" value="84" />
	</path>

	<path name="voip-sub-mic-others">
		<path name="sub-mic" />
		<ctl name="ADC3 Volume" value="12" />
		<ctl name="DEC4 Volume" value="84" />
	</path>

	<path name="voip-headphone-mic-others">
		<path name="main-mic" />
		<ctl name="ADC1 Volume" value="12" />
		<ctl name="DEC6 Volume" value="84" />
	</path>

	<path name="voip-headset-mic-others">
		<path name="ear-mic" />
		<ctl name="ADC2 Volume" value="12" />
		<ctl name="DEC5 Volume" value="84" />
	</path>

	<path name="voip-main-mic-chaton">
		<path name="main-sub-mic" />
		<ctl name="ADC1 Volume" value="12" />
		<ctl name="DEC6 Volume" value="84" />
		<ctl name="ADC3 Volume" value="12" />
		<ctl name="DEC4 Volume" value="84" />
	</path>

	<path name="voip-sub-mic-chaton">
		<path name="sub-main-mic" />
		<ctl name="ADC1 Volume" value="12" />
		<ctl name="DEC6 Volume" value="84" />
		<ctl name="ADC3 Volume" value="12" />
		<ctl name="DEC4 Volume" value="84" />
	</path>

	<path name="voip-headphone-mic-chaton">
		<path name="main-sub-mic" />
		<ctl name="ADC1 Volume" value="15" />
		<ctl name="DEC6 Volume" value="84" />
		<ctl name="ADC3 Volume" value="15" />
		<ctl name="DEC4 Volume" value="84" />
	</path>

	<path name="voip-headset-mic-chaton">
		<path name="ear-mic" />
		<ctl name="ADC2 Volume" value="19" />
		<ctl name="DEC5 Volume" value="84" />
	</path>

	<path name="voip-main-mic-carrier">
		<path name="main-mic" />
		<ctl name="ADC1 Volume" value="12" />
		<ctl name="DEC6 Volume" value="84" />
	</path>

	<path name="voip-sub-mic-carrier">
		<path name="sub-mic" />
		<ctl name="ADC3 Volume" value="12" />
		<ctl name="DEC4 Volume" value="84" />
	</path>

	<path name="voip-headphone-mic-carrier">
		<path name="main-mic" />
		<ctl name="ADC1 Volume" value="12" />
		<ctl name="DEC6 Volume" value="84" />
	</path>

	<path name="voip-headset-mic-carrier">
		<path name="ear-mic" />
		<ctl name="ADC2 Volume" value="12" />
		<ctl name="DEC5 Volume" value="84" />
	</path>
	<!-- end of VoIP Scenario -->

	<!-- ================================================================ -->
	<!-- Factory Scenario -->
	<!-- RX part -->
	<path name="loopback-handset-DSP">
		<path name="rcv" />
		<ctl name="EAR PA Gain" value="POS_3_DB" />
		<ctl name="RX1 Digital Volume" value="79" />
	</path>

	<path name="loopback-handset-2mic-on-DSP">
		<path name="rcv" />
		<ctl name="EAR PA Gain" value="POS_3_DB" />
		<ctl name="RX1 Digital Volume" value="79" />
		<ctl name="ES325 RX1 Enable" value="1" />
	</path>

	<path name="loopback-speaker-DSP">
		<path name="spk" />
		<ctl name="RX7 Digital Volume" value="81" />
		<ctl name="SPK DRV Volume" value="8" />
		<ctl name="COMP0 Switch" value="1" />
	</path>

	<path name="loopback-headset-DSP">
		<path name="ear" />
		<ctl name="HPHL Volume" value="20" />
		<ctl name="HPHR Volume" value="20" />
		<ctl name="RX1 Digital Volume" value="72" />
		<ctl name="RX2 Digital Volume" value="72" />
	</path>

	<path name="loopback-handset">
		<path name="rcv" />
		<ctl name="EAR PA Gain" value="POS_3_DB" />
		<ctl name="RX1 Digital Volume" value="84" />
	</path>

	<path name="loopback-handset-2mic-on">
		<path name="rcv" />
		<ctl name="EAR PA Gain" value="POS_3_DB" />
		<ctl name="RX1 Digital Volume" value="79" />
		<ctl name="ES325 RX1 Enable" value="1" />
	</path>

	<path name="loopback-speaker">
		<path name="spk" />
		<ctl name="RX7 Digital Volume" value="84" />
		<ctl name="SPK DRV Volume" value="5" />
	</path>

	<path name="loopback-headset">
		<path name="ear" />
		<ctl name="HPHL Volume" value="20" />
		<ctl name="HPHR Volume" value="20" />
		<ctl name="RX1 Digital Volume" value="84" />
		<ctl name="RX2 Digital Volume" value="84" />
	</path>

	<!-- TX part -->
	<path name="loopback-main-mic-DSP">
		<path name="main-mic" />
		<ctl name="ADC1 Volume" value="19" />
		<ctl name="DEC6 Volume" value="77" />
	</path>

	<path name="loopback-main-mic-2mic-on-DSP">
		<path name="main-mic" />
		<ctl name="ADC1 Volume" value="19" />
		<ctl name="DEC6 Volume" value="77" />
		<ctl name="ES325-AP Tx Channels" value="One" />
		<ctl name="Internal Route Config" value="17" />
		<ctl name="ES325 TX1 Enable" value="1" />
	</path>

	<path name="loopback-sub-mic-DSP">
		<path name="sub-mic" />
		<ctl name="ADC3 Volume" value="11" />
		<ctl name="DEC4 Volume" value="88" />
	</path>

	<path name="loopback-3rd-mic-DSP">
		<path name="3rd-mic" />
		<ctl name="ADC4 Volume" value="11" />
		<ctl name="DEC3 Volume" value="81" />
	</path>

	<path name="loopback-headphone-mic-DSP">
		<path name="main-mic" />
		<ctl name="ADC1 Volume" value="19" />
		<ctl name="DEC6 Volume" value="74" />
	</path>

	<path name="loopback-headset-mic-DSP">
		<path name="ear-mic" />
		<ctl name="ADC2 Volume" value="19" />
		<ctl name="DEC5 Volume" value="74" />
	</path>

	<path name="loopback-main-mic-2mic-on">
		<path name="main-mic" />
		<ctl name="ADC1 Volume" value="19" />
		<ctl name="DEC6 Volume" value="77" />
		<ctl name="ES325-AP Tx Channels" value="One" />
		<ctl name="Internal Route Config" value="17" />
		<ctl name="ES325 TX1 Enable" value="1" />
	</path>

	<path name="loopback-main-mic">
		<path name="main-mic" />
		<ctl name="ADC1 Volume" value="19" />
		<ctl name="DEC6 Volume" value="74" />
	</path>

	<path name="loopback-sub-mic">
		<path name="sub-mic" />
		<ctl name="ADC3 Volume" value="11" />
		<ctl name="DEC4 Volume" value="88" />
	</path>

	<path name="loopback-3rd-mic">
		<path name="3rd-mic" />
		<ctl name="ADC4 Volume" value="19" />
		<ctl name="DEC3 Volume" value="88" />
	</path>

	<path name="loopback-headphone-mic">
		<path name="main-mic" />
		<ctl name="ADC1 Volume" value="19" />
		<ctl name="DEC6 Volume" value="74" />
	</path>

	<path name="loopback-headset-mic">
		<path name="ear-mic" />
		<ctl name="ADC2 Volume" value="19" />
		<ctl name="DEC5 Volume" value="84" />
	</path>

	<!-- end of Factory Scenario -->
	<path name="dummy">
		<!-- not exsit -->
	</path>

</mixer>
